1,An Giang,2022-11-27_22-57
2,Bà Rịa – Vũng Tàu,2022-11-27_22-57
3,Bạc Liêu,2022-11-27_22-57
4,Bắc Giang,2022-11-27_22-57
5,Bắc Kạn,2022-11-27_22-57
6,Bắc Ninh,2022-11-27_22-57
7,Bến Tre,2022-11-27_22-57
8,Bình Dương,2022-11-27_22-57
9,Bình Định,2022-11-27_22-57
10,Bình Phước,2022-11-27_22-57
11,Bình Thuận,2022-11-27_22-57
12,Cà Mau,2022-11-27_22-57
13,Cao Bằng,2022-11-27_22-57
14,Cần Thơ,2022-11-27_22-57
15,Đà Nẵng,2022-11-27_22-57
16,Đắk Lắk,2022-11-27_22-57
17,Đắk Nông,2022-11-27_22-57
18,Điện Biên,2022-11-27_22-57
19,Đồng Nai,2022-11-27_22-57
20,Đồng Tháp,2022-11-27_22-57
21,Gia Lai,2022-11-27_22-57
22,Hà Giang,2022-11-27_22-57
23,Hà Nam,2022-11-27_22-57
24,Hà Nội,2022-11-27_22-57
25,Hà Tĩnh,2022-11-27_22-57
26,Hải Dương,2022-11-27_22-57
27,Hải Phòng,2022-11-27_22-57
28,Hậu Giang,2022-11-27_22-57
29,Hòa Bình,2022-11-27_22-57
30,Thành phố Hồ Chí Minh,2022-11-27_22-57
31,Hưng Yên,2022-11-27_22-57
32,Khánh Hòa,2022-11-27_22-57
33,Kiên Giang,2022-11-27_22-57
34,Kon Tum,2022-11-27_22-57
35,Lai Châu,2022-11-27_22-57
36,Lạng Sơn,2022-11-27_22-57
37,Lào Cai,2022-11-27_22-57
38,Lâm Đồng,2022-11-27_22-57
39,Long An,2022-11-27_22-57
40,Nam Định,2022-11-27_22-57
41,Nghệ An,2022-11-27_22-57
42,Ninh Bình,2022-11-27_22-57
43,Ninh Thuận,2022-11-27_22-57
44,Phú Thọ,2022-11-27_22-57
45,Phú Yên,2022-11-27_22-57
46,Quảng Bình,2022-11-27_22-57
47,Quảng Nam,2022-11-27_22-57
48,Quảng Ngãi,2022-11-27_22-57
49,Quảng Ninh,2022-11-27_22-57
50,Quảng Trị,2022-11-27_22-57
51,Sóc Trăng,2022-11-27_22-57
52,Sơn La,2022-11-27_22-57
53,Tây Ninh,2022-11-27_22-57
54,Thái Bình,2022-11-27_22-57
55,Thái Nguyên,2022-11-27_22-57
56,Thanh Hóa,2022-11-27_22-57
57,Thừa Thiên Huế,2022-11-27_22-57
58,Tiền Giang,2022-11-27_22-57
59,Trà Vinh,2022-11-27_22-57
60,Tuyên Quang,2022-11-27_22-57
61,Vĩnh Long,2022-11-27_22-57
62,Vĩnh Phúc,2022-11-27_22-57
63,Yên Bái,2022-11-27_22-57
